{"cameraMode":{"drawMode":0,"name":"Shaded","section":"Shading Mode"},"sceneLighting":true,"audioPlay":false,"sceneViewState":{"showFog":true,"showMaterialUpdate":true,"showSkybox":true,"showFlares":true,"showImageEffects":true,"showParticleSystems":true},"in2DMode":false,"pivot":{"x":-5.594017505645752,"y":0.2514106035232544,"z":-1.0398406982421876},"rotation":{"x":0.14675208926200868,"y":-0.021369442343711854,"z":0.003171479795128107,"w":0.9889373779296875},"size":4.798381328582764,"orthographic":false}