{"cameraMode":{"drawMode":0,"name":"Shaded","section":"Shading Mode"},"sceneLighting":true,"audioPlay":false,"sceneViewState":{"showFog":true,"showMaterialUpdate":true,"showSkybox":true,"showFlares":true,"showImageEffects":true,"showParticleSystems":true},"in2DMode":false,"pivot":{"x":0.3522864878177643,"y":-1.0911868810653687,"z":0.9251428842544556},"rotation":{"x":0.018711455166339875,"y":0.9638715386390686,"z":-0.25621601939201357,"w":0.07039084285497666},"size":6.198933124542236,"orthographic":false}