{"cameraMode":{"drawMode":0,"name":"Shaded","section":"Shading Mode"},"sceneLighting":true,"audioPlay":false,"sceneViewState":{"showFog":true,"showMaterialUpdate":true,"showSkybox":true,"showFlares":true,"showImageEffects":true,"showParticleSystems":true},"in2DMode":false,"pivot":{"x":0.4829667806625366,"y":-1.4011812210083008,"z":5.435615539550781},"rotation":{"x":0.11704833805561066,"y":-0.0020908028818666937,"z":0.00024680959177203476,"w":0.9931240081787109},"size":22.94396209716797,"orthographic":false}