{"cameraMode":{"drawMode":0,"name":"Shaded","section":"Shading Mode"},"sceneLighting":true,"audioPlay":false,"sceneViewState":{"showFog":true,"showMaterialUpdate":true,"showSkybox":true,"showFlares":true,"showImageEffects":true,"showParticleSystems":true},"in2DMode":false,"pivot":{"x":-0.14618384838104249,"y":3.0460376739501955,"z":5.954419136047363},"rotation":{"x":0.003313494147732854,"y":-0.048585932701826099,"z":0.00016156925994437188,"w":0.9988135099411011},"size":21.835458755493165,"orthographic":false}