{"cameraMode":{"drawMode":0,"name":"Shaded","section":"Shading Mode"},"sceneLighting":true,"audioPlay":false,"sceneViewState":{"showFog":true,"showMaterialUpdate":true,"showSkybox":true,"showFlares":true,"showImageEffects":true,"showParticleSystems":true},"in2DMode":false,"pivot":{"x":-1.1531072854995728,"y":-0.04671862721443176,"z":-1.7288477420806885},"rotation":{"x":-0.06361792236566544,"y":0.9236268997192383,"z":-0.17553481459617616,"w":-0.33474427461624148},"size":8.904518127441407,"orthographic":false}