{"cameraMode":{"drawMode":0,"name":"Shaded","section":"Shading Mode"},"sceneLighting":true,"audioPlay":false,"sceneViewState":{"showFog":true,"showMaterialUpdate":false,"showSkybox":true,"showFlares":true,"showImageEffects":true,"showParticleSystems":true},"in2DMode":false,"pivot":{"x":-5.74313497543335,"y":0.2616143822669983,"z":-0.4749293327331543},"rotation":{"x":-0.043746184557676318,"y":0.048530034720897678,"z":-0.0021279354114085438,"w":-0.9978610277175903},"size":8.246861457824707,"orthographic":false}