{"cameraMode":{"drawMode":0,"name":"Shaded","section":"Shading Mode"},"sceneLighting":true,"audioPlay":false,"sceneViewState":{"showFog":true,"showMaterialUpdate":false,"showSkybox":true,"showFlares":true,"showImageEffects":true,"showParticleSystems":true},"in2DMode":false,"pivot":{"x":130.4499969482422,"y":391.3999938964844,"z":0.0},"rotation":{"x":0.09317008405923844,"y":0.011010190472006798,"z":-0.0010297602275386453,"w":0.9955888390541077},"size":368.57855224609377,"orthographic":false}